"RelativePath","Bytes","SHA256"
"mods\mod0000_CPC_RemasterFix\content\ar.w3strings","72430","EF6BAD83F5366C53F9361973BBC96152ED5AA027200DA137047669C7ADF90FCA"
"mods\mod0000_CPC_RemasterFix\content\blob0.bundle","10262549","91B21BC61617FCF0897EC6163A2BD3FCC3B4A3F6BFD4539423AF7131B0A94F97"
"mods\mod0000_CPC_RemasterFix\content\br.w3strings","72430","EF6BAD83F5366C53F9361973BBC96152ED5AA027200DA137047669C7ADF90FCA"
"mods\mod0000_CPC_RemasterFix\content\cn.w3strings","38188","3420492F2B76F60451EED64858BFC97526511B29A79BF46B33665A7C30AC8507"
"mods\mod0000_CPC_RemasterFix\content\collision.cache","8885437","D3F949EFCDA4316E4EB3FD5FE9393D45E3C810BCFCFB7ECA96D1A1860AD44100"
"mods\mod0000_CPC_RemasterFix\content\cz.w3strings","71022","9966C2180D7DBEEE3CBB0DDEA3D349E449793DCD33114DB92568F26F58719DFB"
"mods\mod0000_CPC_RemasterFix\content\de.w3strings","72430","EF6BAD83F5366C53F9361973BBC96152ED5AA027200DA137047669C7ADF90FCA"
"mods\mod0000_CPC_RemasterFix\content\en.w3strings","39484","A3393859169D587C8EBB4D5590B90CDF94B8BB8C215998E1B60AFC10C0C9D83B"
"mods\mod0000_CPC_RemasterFix\content\es.w3strings","79566","8EC3EDB389BC2E9064F8E2B594FBE1199D7CACDA4A15F120624D5CBB1A8819DA"
"mods\mod0000_CPC_RemasterFix\content\esmx.w3strings","79566","8EC3EDB389BC2E9064F8E2B594FBE1199D7CACDA4A15F120624D5CBB1A8819DA"
"mods\mod0000_CPC_RemasterFix\content\fr.w3strings","79998","F7DE80466771A2858DDA66B7DF3FD0C668C3A0E18740BB54DD1C22926826E93F"
"mods\mod0000_CPC_RemasterFix\content\hu.w3strings","72430","EF6BAD83F5366C53F9361973BBC96152ED5AA027200DA137047669C7ADF90FCA"
"mods\mod0000_CPC_RemasterFix\content\it.w3strings","72430","EF6BAD83F5366C53F9361973BBC96152ED5AA027200DA137047669C7ADF90FCA"
"mods\mod0000_CPC_RemasterFix\content\jp.w3strings","72430","EF6BAD83F5366C53F9361973BBC96152ED5AA027200DA137047669C7ADF90FCA"
"mods\mod0000_CPC_RemasterFix\content\kr.w3strings","72430","EF6BAD83F5366C53F9361973BBC96152ED5AA027200DA137047669C7ADF90FCA"
"mods\mod0000_CPC_RemasterFix\content\metadata.store","8014","94C2AD4FF1677C74D71A1724BEF137B786872DC661145E7CDCF35FB3086953C6"
"mods\mod0000_CPC_RemasterFix\content\pl.w3strings","78298","08D7FA2A96C511A3571B8C51A7E6ABD6D829100227F04A1E6D88CAD3F8C8A23A"
"mods\mod0000_CPC_RemasterFix\content\ru.w3strings","64306","F3DC5FB5D64B148BBFF57EE639B5C92261D94F70CD521C676F059C026A02B1BC"
"mods\mod0000_CPC_RemasterFix\content\scripts\game\gameplay\effects\effects\regen\regenEffect.ws","3638","587AB6011217638148ED7D2EEA9F479A86CCDAB7178149A739047A48124AB5D5"
"mods\mod0000_CPC_RemasterFix\content\scripts\game\gui\menus\mapMenu.ws","67550","8F0C8916FF0DE7E4F093F39EE19A71333472C4A3120006836065F8774E8208BF"
"mods\mod0000_CPC_RemasterFix\content\scripts\game\gui\r4guiSceneController.ws","15463","38B76550B57E5DABBC3352D57E83D756B2E01522035DF9671EC1DB1AF292440B"
"mods\mod0000_CPC_RemasterFix\content\scripts\game\quests\conditions\questItemQuantity.ws","7420","68D8E3C30CC7A97077D584599722B839DBF553A1A78078F4AF2597C2145EC94D"
"mods\mod0000_CPC_RemasterFix\content\scripts\game\quests\quest_function.ws","275994","0F5AD01C413D543DDDD95F4F0B15C0D1927B9B2190E09E283204352C8D615EE7"
"mods\mod0000_CPC_RemasterFix\content\scripts\game\scenes\scene_functions.ws","30338","031BBD7015AA6542380BC56FAB57E9A935165EB5870E75F8601682F619FF65AB"
"mods\mod0000_CPC_RemasterFix\content\scripts\local\newreplacers\magic_actions\NR_MagicAction.ws","18995","5E14BDFF2309C765601C6369DAB896EF76430BBECDC8B7DDFE3CEDA296B65ED4"
"mods\mod0000_CPC_RemasterFix\content\scripts\local\newreplacers\magic_actions\NR_MagicBomb.ws","4829","08F6EAB431F188F2D9D183A11862DF94625FFC8DE3838A3DC6FF792A0D5F0145"
"mods\mod0000_CPC_RemasterFix\content\scripts\local\newreplacers\magic_actions\NR_MagicCounterPush.ws","7779","FCBAD154CAAEF2A25895B3FD9ECF9F23158DD8F8BC01AD4469E7DE98A937B9C7"
"mods\mod0000_CPC_RemasterFix\content\scripts\local\newreplacers\magic_actions\NR_MagicFastTravelTeleport.ws","7853","B53932C93810B15958F325376F79486B3C6FDB2A7DCAE4CA45E6CAD6C587ABB1"
"mods\mod0000_CPC_RemasterFix\content\scripts\local\newreplacers\magic_actions\NR_MagicLightning.ws","10835","AFED05417E87C55A90E9D1AD2B14F25F350D57D2F57E09596A3493F9C13EE162"
"mods\mod0000_CPC_RemasterFix\content\scripts\local\newreplacers\magic_actions\NR_MagicProjectileWithPrepare.ws","5630","9A157F2A4007A9F139853FEF7A69C009339BE102592786CE3B3561330B887A6D"
"mods\mod0000_CPC_RemasterFix\content\scripts\local\newreplacers\magic_actions\NR_MagicRock.ws","12436","34B3CF5F4977AF60DC12F740EA1735475910A1899FBED0BBE89D22DD230CA44A"
"mods\mod0000_CPC_RemasterFix\content\scripts\local\newreplacers\magic_actions\NR_MagicSlash.ws","7840","1C16555EE6E9493E66439519F95BFD1C513A23C40808F73876A6A384BFD7B613"
"mods\mod0000_CPC_RemasterFix\content\scripts\local\newreplacers\magic_actions\NR_MagicSpecialAction.ws","4405","F320C20F7A2AEAE97F377342CF15CF558B4F6B79EAA32DFA7700923B1437443B"
"mods\mod0000_CPC_RemasterFix\content\scripts\local\newreplacers\magic_actions\NR_MagicSpecialLightningFall.ws","10948","DB849C41F0EA006DBB444BD3F923EA868FC36F7EB9D546AF649A57213BD21FA1"
"mods\mod0000_CPC_RemasterFix\content\scripts\local\newreplacers\magic_actions\NR_MagicSpecialMeteor.ws","6745","FA135E04EC7A272038AD7081B70711C193B0ADDEE6D99F5E0956BF28867D8833"
"mods\mod0000_CPC_RemasterFix\content\scripts\local\newreplacers\magic_actions\NR_MagicSpecialMeteorFall.ws","5649","11E0028AE05A677E6A2984CE603529BB56D2CB43846B1E3AA0D5255044D1C7D9"
"mods\mod0000_CPC_RemasterFix\content\scripts\local\newreplacers\magic_actions\NR_MagicSpecialPolymorphism.ws","7850","0A4933223A77836A24D9BE4163B3476FF4B1C6AEB77DFC934D060A2064857635"
"mods\mod0000_CPC_RemasterFix\content\scripts\local\newreplacers\magic_actions\NR_MagicSpecialServant.ws","9163","3AC4F116995D1F30C6DFE8C2EFF080901FAC60443BDEEED1DAF64420F7295872"
"mods\mod0000_CPC_RemasterFix\content\scripts\local\newreplacers\magic_actions\NR_MagicSpecialTornado.ws","4277","7C76CD95A557DBB24B0D291BA415F39513F6C85166FB1D0853C87CE17D559F9C"
"mods\mod0000_CPC_RemasterFix\content\scripts\local\newreplacers\magic_actions\NR_MagicTeleport.ws","12225","FECFB19B398D43F8550C8D7406AFCF7D9FE03BE2B7C3E194AD9F5FBFBD9DB444"
"mods\mod0000_CPC_RemasterFix\content\scripts\local\newreplacers\magic_entities\NR_FastTravelTeleport.ws","2228","AC903B98B0664DF62FBEDFCDAEBB9CC90CB17D122DD3FEC28C4CFC16F324C943"
"mods\mod0000_CPC_RemasterFix\content\scripts\local\newreplacers\NR_MagicManager.ws","134301","80EE422BF33A67EE2D52678210665A52CBD1C3CDF6E2DC3C5B2BFACB60BB22DD"
"mods\mod0000_CPC_RemasterFix\content\scripts\local\newreplacers\NR_PlayerManager.ws","82418","4C6227C6051DB45F306B391788E5B1596A8E5CF93A6869725BF1CC4C0A618B93"
"mods\mod0000_CPC_RemasterFix\content\scripts\local\newreplacers\NR_QuestApprenticeProgress.ws","22656","421937BB6EB8E24B8EA545CAA119BB6604F9FDA7FF2F55FD1EBA9C76B158C63C"
"mods\mod0000_CPC_RemasterFix\content\scripts\local\newreplacers\NR_QuestFunctions.ws","40697","E274137F69A20E308730B5BC0488870D2BAEE112D6E6949E335D54A50E62475C"
"mods\mod0000_CPC_RemasterFix\content\scripts\local\newreplacers\NR_ReplacerSorceress.ws","16797","10EC7E1FE084411FA358BC33E5A62213FBCB626C888D60EDA11AEF96BD5B0ED5"
"mods\mod0000_CPC_RemasterFix\content\thai.w3strings","69026","FD361677FA2CA7729670B129FBE2F3ACD0C85E46D9858CAE3BEE20E50B01E653"
"mods\mod0000_CPC_RemasterFix\content\tr.w3strings","74358","7373D7E186488A3BEDA976A25618E4E15A9E2B389C1B1B1D88789DF239070152"
"mods\mod0000_CPC_RemasterFix\content\zh.w3strings","72430","EF6BAD83F5366C53F9361973BBC96152ED5AA027200DA137047669C7ADF90FCA"
"dlc\dlc_cpc_remaster_fix\content\blob0.bundle","54660","DA63D86003ADC613782D1677B3AFEBFE88B9414481DA47F38D5B038EB30432BB"
"dlc\dlc_cpc_remaster_fix\content\metadata.store","2058","8A9377253544AF7D38B96DDB39CFDFD8E7097440558E91762BA0DB0D34A33CC3"
